{"cameraMode":{"drawMode":0,"name":"Shaded","section":"Shading Mode"},"sceneLighting":true,"audioPlay":false,"sceneViewState":{"showFog":true,"showMaterialUpdate":false,"showSkybox":false,"showFlares":true,"showImageEffects":true,"showParticleSystems":true},"in2DMode":false,"pivot":{"x":-72.7161865234375,"y":-42.80653381347656,"z":103.29469299316406},"rotation":{"x":-0.15984374284744264,"y":0.3199394941329956,"z":-0.05485699325799942,"w":-0.9322453141212463},"size":69.12649536132813,"orthographic":false}