{"cameraMode":{"drawMode":0,"name":"Shaded","section":"Shading Mode"},"sceneLighting":true,"audioPlay":false,"sceneViewState":{"showFog":true,"showMaterialUpdate":false,"showSkybox":false,"showFlares":true,"showImageEffects":true,"showParticleSystems":true},"in2DMode":false,"pivot":{"x":-102.3834228515625,"y":-11.46153736114502,"z":561.8720703125},"rotation":{"x":-0.07953235507011414,"y":0.06931983679533005,"z":-0.0055448561906814579,"w":-0.9944111704826355},"size":70.00780487060547,"orthographic":false}